@CLASSIFICATION,@FREQ,@GLOBAL_DSD_TIME_SERIES_CODE,@INDICATOR_CODE,@REF_AREA,@REF_SECTOR,@TIME_FORMAT,@UNIT_MEASURE,@UNIT_MULT,db_key,value_1990,value_1991,value_1992,value_1993,value_1994,value_1995,value_1996,value_1997,value_1998,value_1999,value_2000,value_2001,value_2002,value_2003,value_2004,value_2005,value_2006,value_2007,value_2008,value_2009,value_2010,value_2011,value_2012,value_2013,value_2014,value_2015,value_2016,value_2017
W0_S1_G1,A,,,AN,S1311B,P1Y,XDC,6,GFSR,,,,,,,,,,,,,,,,,,,,,,,,,,,,
W0_S1_G1,A,A|PG|S1311B|W0|S1|G1|_Z|_Z|_Z|XDC|_T|_X,GR_G14_XDC,PG,S1311B,P1Y,XDC,6,GFSR,998.55,1212.5,1116.74,1310.15,1412.259,1598.471,1833.287,2094.796,2008.53,2484.591,2764.247,2835.436,2666.251,,,,,,,,,,,,11875,11003.05336594,10485.550229,
W0_S1_G1,A,A|GE|S1311B|W0|S1|G1|_Z|_Z|_Z|XDC|_T|_X,GR_G14_XDC,GE,S1311B,P1Y,XDC,6,GFSR,,,,,,,,,,,,567.8,617.2,662.5,1240.5,2213,3293.3,4293.6,5517.7,4917,5421.5,6388.8,7058.2,6839.5,7434.6,8170.5,8580,
W0_S1_G1,A,A|AL|S1311B|W0|S1|G1|_Z|_Z|_Z|XDC|_T|_X,GR_G14_XDC,AL,S1311B,P1Y,XDC,6,GFSR,,,,,,48247,37879.898,45874.374,85752.469,,,,,,,,,,,,,260214.71,257257.47,248839.09,283133.94,296512.56,295499.89,
W0_S1_G1,A,A|IR|S1311B|W0|S1|G1|_Z|_Z|_Z|XDC|_T|_X,GR_G14_XDC,IR,S1311B,P1Y,XDC,12,GFSR,5.6307,6.961,9.931,20.166,29.143,41.321,56.973,62.14,52.308,91.019635,114.7114050225,128.409846625,210.5682392,256.490851,342.992833,550.621278,625.110462,785.7316821,844.75738684,809.712,,,,,,,,
W0_S1_G1,A,A|ZM|S1311B|W0|S1|G1|_Z|_Z|_Z|XDC|_T|_X,GR_G14_XDC,ZM,S1311B,P1Y,XDC,6,GFSR,23.4462,44.1948,143.2882,301.9126,468.8548,606.278,770.5,950,1530.1,1844.4,,2590.310780746,2902.680924994,4814.067192797,6340.452569215,7973.880379717,8164.4,10094.643831292,11270.430595034,13522.622577451,15173.277284918,24028.639,24127.676,26807.516,31297.579,33577.104,39513.582,
W0_S1_G1,A,A|SY|S1311B|W0|S1|G1|_Z|_Z|_Z|XDC|_T|_X,GR_G14_XDC,SY,S1311B,P1Y,XDC,6,GFSR,59402,80960,92038,95483,113156,131898,154017,,204553,216839,245611,305286,301658,320939,342465,356290,434865,458830,490904,600831,,,,,,,,
W0_S1_G1,A,A|MW|S1311B|W0|S1|G1|_Z|_Z|_Z|XDC|_T|_X,GR_G14_XDC,MW,S1311B,P1Y,XDC,9,GFSR,,,,,,,,,,,,,,,,,,,,207.874,256.372,272.176,257.48,471.390185967917,514.835037341403,609.5803955864,765.307840634231,
W0_S1_G1,A,A|PS|S1311B|W0|S1|G1|_Z|_Z|_Z|XDC|_T|_X,GR_G14_XDC,PS,S1311B,P1Y,XDC,6,GFSR,,,,,,,,,,,,,,,,1925.292102,1886.78,2181,3596.04607642,3094.32296249,3277.49622857,3134.78874018,2951.2362725,3640.594771,4032.77330163857,3744.13025084,,
W0_S1_G1,A,A|GH|S1311B|W0|S1|G1|_Z|_Z|_Z|XDC|_T|_X,GR_G14_XDC,GH,S1311B,P1Y,XDC,6,GFSR,26.7322,39.062,36.6254,72.421,,,,,,,,952.0463,1032.4437,1640.546939,2494.827936,2933.323153,3270.354802,4576.581417,5634.583852,6802.680715,8858.852891,12934.791134,,,,,,
W0_S1_G1,A,A|YE|S1311B|W0|S1|G1|_Z|_Z|_Z|XDC|_T|_X,GR_G14_XDC,YE,S1311B,P1Y,XDC,9,GFSR,25.303,38.049,32.381,37.453,41.985,90.887,215.407,288.738,304.903,282.268,,,,,,,,,,,,,,,,,,
W0_S1_G1,A,A|SR|S1311B|W0|S1|G1|_Z|_Z|_Z|XDC|_T|_X,GR_G14_XDC,SR,S1311B,P1Y,XDC,6,GFSR,,,,,,,,,,,,594.527117,687.936392,920.829061,1106.35531181,1401.048238105,1739.9991553515,2367.9330634805,2354.69252427,2944.6426050046,2606.1518887818,3537.45911763,4217.379587,,,,,
W0_S1_G1,A,A|KH|S1311B|W0|S1|G1|_Z|_Z|_Z|XDC|_T|_X,GR_G14_XDC,KH,S1311B,P1Y,XDC,9,GFSR,,,,,,,,,,,,,2369.50727,2122.38127837804,2497.445075449,3134.476858987,3398.544430458,4674.251,6199.759342172,6532.355136626,7770.49727996035,7873.9202203148,10409.9677,10971.3315,12908.5839132879,13208.1572761072,16116.8124257651,
W0_S1_G1,A,A|AZ|S1311B|W0|S1|G1|_Z|_Z|_Z|XDC|_T|_X,GR_G14_XDC,AZ,S1311B,P1Y,XDC,6,GFSR,,,,,,,,,,,,,,,,,,,10757.8,10320.7,11512.2,15831.7,17406.6,19664.1,18395.7,17142.9,,
W0_S1_G1,A,A|BD|S1311B|W0|S1|G1|_Z|_Z|_Z|XDC|_T|_X,GR_G14_XDC,BD,S1311B,P1Y,XDC,9,GFSR,,,,,,,,,,,,268.10705,298.6718,336.68022,347.30267,399.993338,438.781612,500.199485,622.507141,697.384027,809.375413,982.6982,1211.9717,1406.8344,1518.8643,1516.37117,1790.88,
W0_S1_G1,A,A|SN|S1311B|W0|S1|G1|_Z|_Z|_Z|XDC|_T|_X,GR_G14_XDC,SN,S1311B,P1Y,XDC,9,GFSR,,,,,,,496.1,497.8,535.5,568.4,612.2,663.8,,,,,,,,1304.2,1398.3431238,1525.6,1652.9,1658.98,1935.46226970858,2093.436384858,2334.646054632,
W0_S1_G1,A,A|CI|S1311B|W0|S1|G1|_Z|_Z|_Z|XDC|_T|_X,GR_G14_XDC,CI,S1311B,P1Y,XDC,9,GFSR,,,,,,1138.3,,,,,,1262.4363,1343.725972,1292.4,1400.7,1449.2,1493.54,1718.2,2009.91,2157.53,2099.36,1530.42,2325.91,2675.16,2881.4402619847,3577.01716088656,3657.72280371387,
W0_S1_G1,A,A|CV|S1311B|W0|S1|G1|_Z|_Z|_Z|XDC|_T|_X,GR_G14_XDC,CV,S1311B,P1Y,XDC,6,GFSR,,,,,,,,,,,,,,,,26762.464607499,30406.417656,32907.609060974,37190.475336,35230.0574813779,37213.38507356,37299.991782,33961.601576,,,,,
W0_S1_G1,A,A|TG|S1311B|W0|S1|G1|_Z|_Z|_Z|XDC|_T|_X,GR_G14_XDC,TG,S1311B,P1Y,XDC,9,GFSR,,,,,,,,,,,,,,,170.144598352,163.461638324,199.264927397,223.674921753,249.856834558,318.041404808,336.386302899,401.23,412.26631550574,523.261,,620.736687568,695.214584201,
W0_S1_G1,A,A|ES|S1311B|W0|S1|G1|_Z|_Z|_Z|XDC|_T|_X,GR_G14_XDC,ES,S1311B,P1Y,XDC,9,GFSR,55.877297368769,62.5821884052745,68.0850552330124,69.5022417751494,71.5402738211148,90.746,97.91,99.905,107.68,116.459,124.769,133.461,132.896,137.632,149.785,166.71,185.844,205.349,172.691,140.439,168.279,175.552,183.595,180.735,185.399,190.922,187.808,
W0_S1_G1,A,A|LU|S1311B|W0|S1|G1|_Z|_Z|_Z|XDC|_T|_X,GR_G14_XDC,LU,S1311B,P1Y,XDC,6,GFSR,2515.40038522654,2796.26374879462,3068.67394316793,3348.74404745674,3715.42814930131,,,,,,,,,,,,,,,,,,,,,,,
W0_S1_G1,A,A|PT|S1311B|W0|S1|G1|_Z|_Z|_Z|XDC|_T|_X,GR_G14_XDC,PT,S1311B,P1Y,XDC,6,GFSR,10262.7667321755,,,,,,,,,,,,,,,,,,42609.9945779298,38655.1813176798,40177.77746016,42004.201,39419.14609835,43653.681,43820.387,44823.243999,46680.885,
W0_S1_G1,A,A|GB|S1311B|W0|S1|G1|_Z|_Z|_Z|XDC|_T|_X,GR_G14_XDC,GB,S1311B,P1Y,XDC,9,GFSR,,,,,,263.218,278.619,297.77,323.986,344.071,371.101,382.797,387.114,408.716,445.818,486.731,508.322,538.989,566.295,517.693,550.431,577.802,596.716,622.339,634.113,660.329,695.359,
W0_S1_G1,A,A|BY|S1311B|W0|S1|G1|_Z|_Z|_Z|XDC|_T|_X,GR_G14_XDC,BY,S1311B,P1Y,XDC,9,GFSR,,,1.74E-06,2.045E-05,0.00040522,0.00217261,0.00310758,0.00648441,0.01297072,0.05481813,0.162082,0.291585,0.406264,0.67757641,1.032157,1.4573987,2.0064762,2.5745351,3.5762287567,3.227154366,3.2035495857,5.66497,10.1944,11.474,,17.56821534473,18.6134561466,
W0_S1_G1,A,A|MA|S1311B|W0|S1|G1|_Z|_Z|_Z|XDC|_T|_X,GR_G14_XDC,MA,S1311B,P1Y,XDC,6,GFSR,52385,57690,65652,70132,71992,71345,,82347,87052,93474,,,108032.969142857,109807.283142857,121112.049137085,138648.882484848,157978.579515152,184399.992353535,224087.154075061,214466.047626808,210389.679150735,223045.442516596,237739.114,250022.172,259346.525,260388.881,264385.476754,
W0_S1_G1,A,A|CH|S1311B|W0|S1|G1|_Z|_Z|_Z|XDC|_T|_X,GR_G14_XDC,CH,S1311B,P1Y,XDC,6,GFSR,,,,,,,,,,,,,,,,,,,,,,,,,,,,
W0_S1_G1,A,A|US|S1311B|W0|S1|G1|_Z|_Z|_Z|XDC|_T|_X,GR_G14_XDC,US,S1311B,P1Y,XDC,9,GFSR,698.51,756.06,733.49,798.92,855.9,934.61,1005.05,1110.03,1208.78,1276.34,1439.26,1341.865,1161.922,1159.752,1249.479,1484.549,1668.856,1753.99,1642.328,1317.883,1498.36,1692.995,1784.202,2076.612,2179.475,2278.085,2252.582,
W0_S1_G1,A,A|BF|S1311B|W0|S1|G1|_Z|_Z|_Z|XDC|_T|_X,GR_G14_XDC,BF,S1311B,P1Y,XDC,9,GFSR,,,,,,,,,,,,,348.354155936,435.2526283879,468.1661167837,498.211486294,567.599623932,656.835509063,630.744772046,771.519725145,880.219,1047.29,1276.31,1441.63,1321.13871436006,1277.6863117038,1410.5,
W0_S1_G1,A,A|DM|S1311B|W0|S1|G1|_Z|_Z|_Z|XDC|_T|_X,GR_G14_XDC,DM,S1311B,P1Y,XDC,6,GFSR,,,,,,,,,,,239.7,228.2,206.9,237.6,298.5,263.2,332.8,369.5,415.9,411.8,390.756927,389.02722,360.515698,383.397607,414.946354,,,
W0_S1_G1,A,A|EG|S1311B|W0|S1|G1|_Z|_Z|_Z|XDC|_T|_X,GR_G14_XDC,EG,S1311B,P1Y,XDC,9,GFSR,18.403,29.628,40.775,46.953,52.213,54.981,59.662,62.146,65.578,68.856,74.277,74.347,78.32,89.145,101.88,110.8646,151.2664,180.2146,221.40444,282.5046,268.1144,265.2865,303.622,350.322,456.778,465.241,,
W0_S1_G1,A,A|MY|S1311B|W0|S1|G1|_Z|_Z|_Z|XDC|_T|_X,GR_G14_XDC,MY,S1311B,P1Y,XDC,6,GFSR,,,,,,,59058,66060,56823,59088.1,62291,79915.403,83514,92608,99398,106303,123546.061,139885.33560042,159793.38294119,158639.3042277,159652.85919754,185419,207912,213370.2,220625.45,219089,212421,
W0_S1_G1,A,A|CD|S1311B|W0|S1|G1|_Z|_Z|_Z|XDC|_T|_X,GR_G14_XDC,CD,S1311B,P1Y,XDC,9,GFSR,0.000223114,0.00229466666666667,0.056,1.10433133333333,0.208382,2.12,15.688,40.364,0.604345,2.596,17.419403,148.551292,297.200978,445.22539,536.321997,1139.22521,1216.224246,1523.756104,2118.576416,3134.561637,4034.95,,,,,,,
W0_S1_G1,A,A|BW|S1311B|W0|S1|G1|_Z|_Z|_Z|XDC|_T|_X,GR_G14_XDC,BW,S1311B,P1Y,XDC,6,GFSR,3699.53,4027.5,4566.3,5271.7,4406.7,5402.2,7311.1,,,,,,,,,,27364.78,28534.6,30348.17,29919.5,31838.62,38379.87,41591.23694318,48882.0960925167,55843.03,48553.25,57330.86,
W0_S1_G1,A,A|SL|S1311B|W0|S1|G1|_Z|_Z|_Z|XDC|_T|_X,GR_G14_XDC,SL,S1311B,P1Y,XDC,9,GFSR,5.8053,20.424,40.491,61.596,78.531,67.477,78.242,94.993,99.655,151.209135799418,258.28107497811,294.4956599394,400.02343570316,467.00012513972,616.34251227443,763.332,841.989,776.178,926.12738388457,1250.45,1551.58,2170.76,2506.07,2827.61,3185.68,,,
W0_S1_G1,A,A|LV|S1311B|W0|S1|G1|_Z|_Z|_Z|XDC|_T|_X,GR_G14_XDC,LV,S1311B,P1Y,XDC,6,GFSR,,,,,,,,,,,,,,,,,,,,,,,,,,,,
W0_S1_G1,A,A|CR|S1311B|W0|S1|G1|_Z|_Z|_Z|XDC|_T|_X,GR_G14_XDC,CR,S1311B,P1Y,XDC,9,GFSR,68.96,93.83,139.39,166.88,193.82,260.17,311.52,376.16,458.68,540.49,603.7,719.9,808.98,981.6,1111.9313,1326.9449,1645.47670201696,2106.44430512096,2489.58596934243,2362.55290642241,2741.79395476529,3024.13388978818,3274.21649413227,3536.2,3799.19923068649,4180.89591330069,4568.01680261765,
W0_S1_G1,A,A|BO|S1311B|W0|S1|G1|_Z|_Z|_Z|XDC|_T|_X,GR_G14_XDC,BO,S1311B,P1Y,XDC,6,GFSR,1877.5,2638.2,3203.7,4491,4458.8,4921.9,6160.4,6671.3,7462.6,8004.6,8312.9,8518.46,10544.50279732,11401.31851249,14263.8,16861.334227,31776.03637428,22349.1858253042,,,,,,,,,,
W0_S1_G1,A,A|IL|S1311B|W0|S1|G1|_Z|_Z|_Z|XDC|_T|_X,GR_G14_XDC,IL,S1311B,P1Y,XDC,6,GFSR,45463,43199,68068,76686,90442,103227,123195,137072,150120,161249,183613.128428139,184365.818901172,189364.878402999,182303.627479357,185611.937965508,197082.165425552,218766.725035193,228011.862989442,221339.339354625,212058.793469542,233721.54514636,251992.581004622,261106.168285351,283555.352215157,300430.293816958,318085.784862433,332141.485672584,
W0_S1_G1,A,A|CL|S1311B|W0|S1|G1|_Z|_Z|_Z|XDC|_T|_X,GR_G14_XDC,CL,S1311B,P1Y,XDC,9,GFSR,,,,,,,,,,,8605.66,,,,,,,,,,,,,,,,,
W0_S1_G1,A,A|AF|S1311B|W0|S1|G1|_Z|_Z|_Z|XDC|_T|_X,GR_G14_XDC,AF,S1311B,P1Y,XDC,6,GFSR,,,,,,,,,,,,,,26611.6803599,43385.84416306,55170.0465004319,68615.17925692,87596.33831509,95561.10051575,131556.89439482,164463.11309872,190816.14468715,228522.269427547,302720,278719.4690052,300382.25135637,,
W0_S1_G1,A,A|ET|S1311B|W0|S1|G1|_Z|_Z|_Z|XDC|_T|_X,GR_G14_XDC,ET,S1311B,P1Y,XDC,6,GFSR,3158.1,2774,2306.3,3416.2,4636.5,6455.8,7599.7,8972.3,9161.6,9707.3,,10951.7,9874.103522,11622.4,16086.6,17072.8,13646.5,16878.50008,36789.90004,47749,60382.101,77455.444,,,,,,
W0_S1_G1,A,A|BS|S1311B|W0|S1|G1|_Z|_Z|_Z|XDC|_T|_X,GR_G14_XDC,BS,S1311B,P1Y,XDC,6,GFSR,498.3,490.7,534.5,531.5,609.3,660.3,685.7,728.16,760.135,868.758,937.161,919.5,887.624,901.1,944.463,1104.767,1280.479,1336.118,1428.708,1316.472,1291.208,1432.154,1426.119,1352.878,1449.389,1697.671,1927.86799,
W0_S1_G1,A,A|CF|S1311B|W0|S1|G1|_Z|_Z|_Z|XDC|_T|_X,GR_G14_XDC,CF,S1311B,P1Y,XDC,6,GFSR,,,,,,,,,,,,,,,69576.7424577154,,,,125740.882483043,138080.7551256,159856.42508305,125400.43508912,201430,,,,,
W0_S1_G1,A,A|HR|S1311B|W0|S1|G1|_Z|_Z|_Z|XDC|_T|_X,GR_G14_XDC,HR,S1311B,P1Y,XDC,6,GFSR,,63.77,547.05,8371.19,22788.88,27387.12,30244.34,33384.98,42019.4,40045.77,41535,48150,69651.1,74677.4,80463.5,85653,95236,108321,115773,110257.9,107466.3511,107069.6699,109558.9279,108585,114044.485,,,
W0_S1_G1,A,A|TN|S1311B|W0|S1|G1|_Z|_Z|_Z|XDC|_T|_X,GR_G14_XDC,TN,S1311B,P1Y,XDC,6,GFSR,2895.8,3042.2,3523.1,3896.4,4149.3,4256.4,4599.8,4956.2,5491.3,5909.3,6368.1,6922.9,7342.4,7611.4,8380.2,8907.5,9758.6,10818.7,13266.2,13473.608,14401.25,16050.8,16939.6,,,,,
W0_S1_G1,A,A|JP|S1311B|W0|S1|G1|_Z|_Z|_Z|XDC|_T|_X,GR_G14_XDC,JP,S1311B,P1Y,XDC,9,GFSR,,,,,,,,,,,,,,,,,,,,,,,,,,,,
W0_S1_G1,A,A|VU|S1311B|W0|S1|G1|_Z|_Z|_Z|XDC|_T|_X,GR_G14_XDC,VU,S1311B,P1Y,XDC,6,GFSR,4845.3,,,,,6158,6352,6205,6675,6721,,,,,,,,,,16900,16715.1,17447.1,15788.7127,16246.974548,18825.8763,26424.259,26896.871,
W0_S1_G1,A,A|RS|S1311B|W0|S1|G1|_Z|_Z|_Z|XDC|_T|_X,GR_G14_XDC,RS,S1311B,P1Y,XDC,9,GFSR,,,,,,,,,,,,,,,,,,574.4908,653.02914645675,654.6099,710.386906,743.0138008,781.192,,,,,
W0_S1_G1,A,A|DE|S1311B|W0|S1|G1|_Z|_Z|_Z|XDC|_T|_X,GR_G14_XDC,DE,S1311B,P1Y,XDC,9,GFSR,153.137031337079,200.539,222.376,222.733,237.297,,,,,,,,,,,,,,,,,,,,,,,
W0_S1_G1,A,A|BB|S1311B|W0|S1|G1|_Z|_Z|_Z|XDC|_T|_X,GR_G14_XDC,BB,S1311B,P1Y,XDC,6,GFSR,,,,,,,,,,,,,,1827.48,1980.8,2138.24831394,2223.52686774,2533.41333981,2622.480476,2531.784678,2410.403741,2598.261886,2426.990739,2313.510354,2397.318623,2537.258828,,
W0_S1_G1,A,A|AO|S1311B|W0|S1|G1|_Z|_Z|_Z|XDC|_T|_X,GR_G14_XDC,AO,S1311B,P1Y,XDC,9,GFSR,,,,,,,,,,7.213399391,48.38905391,82.063850468,177.13,393.108,544.974,787.06,1940.82,2252.18,2834.56,1241,2695.15,4682.61,4428.54,4711.39,4423.85918207284,2619.39661366396,2601.71894631449,
W0_S1_G1,A,A|JO|S1311B|W0|S1|G1|_Z|_Z|_Z|XDC|_T|_X,GR_G14_XDC,JO,S1311B,P1Y,XDC,6,GFSR,861.83,990.42,1246.36,1282.31,1337.07,1513.88,1583.93,1516.77,1593.53,1727.23,1743.64,1820.89,1943.03,2364.17,2754.615099,3064,3468.99,3971.5,4738.4,4521.2,4662.7,5413.9,5054.3,5758.8,7267.6,6796.3,7069.6,
W0_S1_G1,A,A|BR|S1311B|W0|S1|G1|_Z|_Z|_Z|XDC|_T|_X,GR_G14_XDC,BR,S1311B,P1Y,XDC,9,GFSR,0.00130905454545454,0.0059484,0.0600204727272727,1.76105454545455,53.5989,,,107.1718,133.4622,,,,,,,,,,,,1030.15050692108,1161.63627729526,1290.12848799206,1376.98470031213,1410.4889029219,1578.16231418705,1675.08975032166,
W0_S1_G1,A,A|MU|S1311B|W0|S1|G1|_Z|_Z|_Z|XDC|_T|_X,GR_G14_XDC,MU,S1311B,P1Y,XDC,6,GFSR,8415.9,9536.6,10488.6,11289.2,12865.5,13017.8,12723,16347.3,18364,20678,22912,22632.7,25101.2,30096.1,33524.5,35636.4,38997.9,42140.1,53198.4,63342.8,66672.1,70432.4,75046.9,79753,81226.1,40944.2,89945.597,
W0_S1_G1,A,A|CO|S1311B|W0|S1|G1|_Z|_Z|_Z|XDC|_T|_X,GR_G14_XDC,CO,S1311B,P1Y,XDC,9,GFSR,3205.1,3679.9,4586,6492.1,7701,9524,12048,15283,16726.978304,18926.6708022764,22680.3860093948,34306.8,34475.8,49093.341194,60746.535797,63285.679464,83584.7143210001,103985.795155,74157.769,79016.292,82318.721,106030.675,148185.164,153629.92424,158059.21376,148879.530172,170606.080399025,
W0_S1_G1,A,,,CS,S1311B,P1Y,XDC,6,GFSR,,,,,,,,,,,,,,,,,,,,,,,,,,,,
W0_S1_G1,A,A|PH|S1311B|W0|S1|G1|_Z|_Z|_Z|XDC|_T|_X,GR_G14_XDC,PH,S1311B,P1Y,XDC,9,GFSR,176.72,216.612,240.836,258.728,306.246,338.391,404.789,462.415,460.798,474.319,518.423,572.801,580.288,641.75,708.97,815.6,975.438,1047.487,1172.793,1123.091,1207.959,1359.51,1526.818,1713.379,1906.699,2046.755,2195.746,
W0_S1_G1,A,A|UY|S1311B|W0|S1|G1|_Z|_Z|_Z|XDC|_T|_X,GR_G14_XDC,UY,S1311B,P1Y,XDC,6,GFSR,1719,3666,6687,10024,15087,21141,28798,38128,45221,45196,46842,48867.722,52788.00293384,64520.501549378,76519.443,82343.343,95260.6132618989,107646.648078377,123170.680694046,,,,,,,,,
W0_S1_G1,A,A|RU|S1311B|W0|S1|G1|_Z|_Z|_Z|XDC|_T|_X,GR_G14_XDC,RU,S1311B,P1Y,XDC,9,GFSR,,,,,76.511,203.554,,,299.135,615.407,1129.874,1590.207,2220.92,2579.9068116,3410.3884311,5125.803,6276.8,8614.2,11682.6,7592,9095.4,13426.9,13996.6,13637.8,15297.1083466799,13947.3525360982,13011.526,
W0_S1_G1,A,A|PL|S1311B|W0|S1|G1|_Z|_Z|_Z|XDC|_T|_X,GR_G14_XDC,PL,S1311B,P1Y,XDC,6,GFSR,,,,,61614,,,,,,,,,,,,,,,,,,,,,,,
W0_S1_G1,A,A|AE|S1311B|W0|S1|G1|_Z|_Z|_Z|XDC|_T|_X,GR_G14_XDC,AE,S1311B,P1Y,XDC,6,GFSR,,,,,,,,18996,19212,20217,,,,,,,,,,,,40799.07534881,41590.71249115,45947.39971,45221.4478215,46116.04239425,47475.95692535,
W0_S1_G1,A,A|MG|S1311B|W0|S1|G1|_Z|_Z|_Z|XDC|_T|_X,GR_G14_XDC,MG,S1311B,P1Y,XDC,9,GFSR,93.12,70.76,100.72,111.2,149.7,229.74,,,,,,,,,,,,,3257.7,1842.153283,2405.232585,2465.697,2508.1336,2778.1006,3254.6022,3481.612,4761.29463822116,
W0_S1_G1,A,A|PE|S1311B|W0|S1|G1|_Z|_Z|_Z|XDC|_T|_X,GR_G14_XDC,PE,S1311B,P1Y,XDC,6,GFSR,613.86,3172.68,5971.04,9303.53,14825.29,18720.2,22408.2,25578.5,26975.6,26284.5,28435.6,27564.1,29174.8,32246.3,35899.5,41775.8,53032.8172511106,61662.6424539385,68245.235635185,61255.3578940219,76011.7392964067,89049.5647269221,98135.0019355331,104705.043986297,110356.236977139,102665.110666513,101475.283308899,
W0_S1_G1,A,,,VE,S1311B,P1Y,XDC,6,GFSR,,,,,,,,,,,,,,,,,,,,,,,,,,,,
W0_S1_G1,A,A|SC|S1311B|W0|S1|G1|_Z|_Z|_Z|XDC|_T|_X,GR_G14_XDC,SC,S1311B,P1Y,XDC,6,GFSR,,,,1125.7,1012.4,887,965.9,1072.8,1232.3,1293.8,,,,,,2110.73219705,2334.342,2176.56022025,3187.952865,3790.35121578,3945.86026953,4825.53695415,5443.27918481,5466.966898,5932.44565943,6349.00565548,7162.09239081,
W0_S1_G1,A,A|LR|S1311B|W0|S1|G1|_Z|_Z|_Z|XDC|_T|_X,GR_G14_XDC,LR,S1311B,P1Y,XDC,3,GFSR,,,,,,,,,,,,,,,,82344.45545,85473.326,148341.219,206891.52,,285976.7231,359947.916,458931.6396,517197.0192,,,,
W0_S1_G1,A,A|KR|S1311B|W0|S1|G1|_Z|_Z|_Z|XDC|_T|_X,GR_G14_XDC,KR,S1311B,P1Y,XDC,12,GFSR,29.038,32.984,38.869,43.741,52.141,62.536,70.914,77.042,77.777706,86.648041,105.927214,107.917548,117.483172,126.423788,129.13821,137.235,148.9066,,,,,,328.674,332.923,338.934334894805,353.546495271992,387.221825100828,
W0_S1_G1,A,A|RW|S1311B|W0|S1|G1|_Z|_Z|_Z|XDC|_T|_X,GR_G14_XDC,RW,S1311B,P1Y,XDC,9,GFSR,20.961,24.102,26.589,,,,,,,,,,,,,,,,626.198903927,724.3062816489,827.1133471443,982.062,,,1338.82864767587,1406.08432414829,1501.40131337972,1567.87405038014
W0_S1_G1,A,A|FM|S1311B|W0|S1|G1|_Z|_Z|_Z|XDC|_T|_X,GR_G14_XDC,FM,S1311B,P1Y,XDC,3,GFSR,,,,,,,,,,,,,,,,,,,61813.769,89227.366,104235.881,102636.791,118942.579,100255.359,114060.6,110403.804,128154.041,
W0_S1_G1,A,A|NI|S1311B|W0|S1|G1|_Z|_Z|_Z|XDC|_T|_X,GR_G14_XDC,NI,S1311B,P1Y,XDC,6,GFSR,51.58,2292.87,2284.21,2977.72,3078,4259.05,4761.24,5456.76,6561.24,8665.2,9411.31,9357,10085.6123,12230.0928,14604.4182,17431,21205,24490.8985,27041.89734,26938.73079412,30408.972,37695.7696,43748.172262,46700.954,53730.955,61470.25,70328,
W0_S1_G1,A,A|NA|S1311B|W0|S1|G1|_Z|_Z|_Z|XDC|_T|_X,GR_G14_XDC,NA,S1311B,P1Y,XDC,6,GFSR,2007.1,2637.6,2928.9,3094.7,3649.2,4073.6,4661.8,5645.7,6132.1,7253.3,8211.09677116,8889.52045016,10468.15445016,9740.66905016,11331.19645016,13075.30850466,17576.01621016,20669.55108762,23426.82308762,24009.31072508,23370.38072508,29917.31116987,37993.11175987,42355.25582442,49953.63438521,52214.85301869,50999.7478,
W0_S1_G1,A,A|NO|S1311B|W0|S1|G1|_Z|_Z|_Z|XDC|_T|_X,GR_G14_XDC,NO,S1311B,P1Y,XDC,9,GFSR,283.208,292.229,284.544,287.281,303.418,,,,,,,,,,,,,,,,,,,,,,,
W0_S1_G1,A,A|CG|S1311B|W0|S1|G1|_Z|_Z|_Z|XDC|_T|_X,GR_G14_XDC,CG,S1311B,P1Y,XDC,9,GFSR,,,,,,,,,,,,630.3,642.5,613.5,866.821737232,1302.18866155,1839.7,1612.292,2678.006,1378.22,3609.98,2887.111999496,2979.345676443,3157,2831.8,1503.2,1290.8,
W0_S1_G1,A,A|BT|S1311B|W0|S1|G1|_Z|_Z|_Z|XDC|_T|_X,GR_G14_XDC,BT,S1311B,P1Y,XDC,6,GFSR,1415.8,1729.1,1894.8,2680.5,3018.7,3564.4,4410.3,4589.8,4880.104,6833.2,7788.2,8610.613,8792.047,7015.346,10371.477,10439.175,13454.342,16083.089,18277.905,20624.108,26691.393347,27880.252127,32795.595181,30613.036302,37425.445829,35096.048,42923.688,
W0_S1_G1,A,A|AR|S1311B|W0|S1|G1|_Z|_Z|_Z|XDC|_T|_X,GR_G14_XDC,AR,S1311B,P1Y,XDC,6,GFSR,2798.6,8161.3,11448,18325.3,19766.5,19295.9,19481.1,21427.2,22817.1,22519.9,22733,21550.8,27927.3,42917.87933947,53754.09285697,64688.5,81164.3,96854.2,138889.2,151442.9,211008.8,254040.7,313122.4,407158.4,596180.4,739300.87,932007.5,
W0_S1_G1,A,A|NG|S1311B|W0|S1|G1|_Z|_Z|_Z|XDC|_T|_X,GR_G14_XDC,NG,S1311B,P1Y,XDC,9,GFSR,,,,,,,,,,,,,,1051.2,1331.6,1758.3,1937.1,2333.7,3193.5,2642.9,3089.2,3553.5,3629.7,4031.8,,,,
W0_S1_G1,A,A|BE|S1311B|W0|S1|G1|_Z|_Z|_Z|XDC|_T|_X,GR_G14_XDC,BE,S1311B,P1Y,XDC,6,GFSR,44610.9187181922,46286.6789456593,48698.6829417029,51289.1702755832,53998.6465013547,,,,,,,,,,,,,,,,,,,,,,,
W0_S1_G1,A,A|BZ|S1311B|W0|S1|G1|_Z|_Z|_Z|XDC|_T|_X,GR_G14_XDC,BZ,S1311B,P1Y,XDC,6,GFSR,222.747,226.719,252.282,252.577,267.865,260.979,289.725,296.527,320.794,351.064,362.632,380.56,416.155,448.013,470.293,551.642,620.701,731.276,752.438,707.149,774.417075,827.134672,807.657111,937.862,945.902,,,
W0_S1_G1,A,,,GN,S1311B,P1Y,XDC,6,GFSR,,,,,,,,,,,,,,,,,,,,,,,,,,,,
W0_S1_G1,A,A|PY|S1311B|W0|S1|G1|_Z|_Z|_Z|XDC|_T|_X,GR_G14_XDC,PY,S1311B,P1Y,XDC,9,GFSR,796.938,980.633,1393.958,1692.013,2214.24573,2744.20759,2953.79032,3258.83367,3757.77659,4050.30955,4246.72491,4972.03629,5078.11970205,6065.576354631,7648.506238911,8430,9556.5,10812.396344635,12719.116971509,13877.93389718,16242.219717046,18969.291832423,20636.903062612,20941.9,24146.542455253,26564.918131436,27611.268376554,
W0_S1_G1,A,A|KW|S1311B|W0|S1|G1|_Z|_Z|_Z|XDC|_T|_X,GR_G14_XDC,KW,S1311B,P1Y,XDC,6,GFSR,3116,262,585,2267,2545,2986,3305,4168,3438,,,5164,6040,6721,8737,13557,15304,18747,20725,17473,21239,29944,31652,31445,24526,13236,,
W0_S1_G1,A,A|ST|S1311B|W0|S1|G1|_Z|_Z|_Z|XDC|_T|_X,GR_G14_XDC,ST,S1311B,P1Y,XDC,9,GFSR,,,,,,,,,,,,,249.72209158665,360.91093583351,441.010013810318,428.850896286677,570.156874422539,3263.22927678677,1224.92270301913,994.859637032466,1458.72403664384,1764.51066134166,1612.07,,,,,
W0_S1_G1,A,A|RO|S1311B|W0|S1|G1|_Z|_Z|_Z|XDC|_T|_X,GR_G14_XDC,RO,S1311B,P1Y,XDC,6,GFSR,26.271,49.049,134.257,378.702,884.868,,,,,,,,,,,,,,,,,,,,,,139963.92,
W0_S1_G1,A,A|AM|S1311B|W0|S1|G1|_Z|_Z|_Z|XDC|_T|_X,GR_G14_XDC,AM,S1311B,P1Y,XDC,9,GFSR,,,,,,,,,,,,,,292.035267065,293.1554733,362.3807199734,425.487343694,568.9180377441,785.3550317655,689.9950582156,780.43942704984,880.8509912068,946.193,,1144.762732606,1167.745274327,1171.107161751,
W0_S1_G1,A,A|HN|S1311B|W0|S1|G1|_Z|_Z|_Z|XDC|_T|_X,GR_G14_XDC,HN,S1311B,P1Y,XDC,6,GFSR,,,,,,,,,,,,,,23632.4,27706.3,32195.6,37242.43,44694.607,52297.339182,47006.75,50494.4,56824.665391,60356.63,64119.348017,76768.2679447871,88225.606124575,,
W0_S1_G1,A,,,SD,S1311B,P1Y,XDC,6,GFSR,,,,,,,,,,,,,,,,,,,,,,,,,,,,
W0_S1_G1,A,A|SV|S1311B|W0|S1|G1|_Z|_Z|_Z|XDC|_T|_X,GR_G14_XDC,SV,S1311B,P1Y,XDC,6,GFSR,3951.9,4783.2,5528.2,6818.1,8822,10510.1,10621.7,11237.401,12008.9,12028.1,14019,1499.2,1727.9,1922.6,1948.5,2270.6,2711.9,3077.6,3426.5,2802,3105,3830.65,3641.1,3938.4,3957.56120916,4095.51693513,4385.61013711,
W0_S1_G1,A,A|GT|S1311B|W0|S1|G1|_Z|_Z|_Z|XDC|_T|_X,GR_G14_XDC,GT,S1311B,P1Y,XDC,6,GFSR,2788.78,4274.21,5721.45,5753.95,5755.38,7163.18,8498.8,9682.99,11914.39,14154.98,15554.12,18191.29,20715.59,21694.35,23389.13,24764.59,29102.5,33521.5,35448.3,33968.10510901,37293.6759081,42864.62448144,45681.26322106,48997.314249,52091.47652494,52871.37487456,57502.32365928,
W0_S1_G1,A,A|KN|S1311B|W0|S1|G1|_Z|_Z|_Z|XDC|_T|_X,GR_G14_XDC,KN,S1311B,P1Y,XDC,6,GFSR,107.62,102.61,116.15,130.48,154.61,,,,,,262.7,289.6,312.408,322.728,343.601,346.065379,399.923096,463.564612,534.702732,543.417781,497.95928,498.689742,499.218367,488.600074,551.195952,,,
W0_S1_G1,A,A|JM|S1311B|W0|S1|G1|_Z|_Z|_Z|XDC|_T|_X,GR_G14_XDC,JM,S1311B,P1Y,XDC,9,GFSR,7.7483176976,11.4837940026,19.0502570026,28.947756540924,38.07074736239,58.5743783190766,63.085565417115,66.42579611407,74.0962395751074,90.828318338202,101.02114419249,102.5756764005,117.167991897732,149.901608715,171.538899631792,186.68424046947,211.364490673542,252.098813125131,276.199777481008,300.200054393125,316.041378428684,322.149802687793,344.677749337393,396.979376395054,411.715937773794,455.835781822221,499.879882042539,
W0_S1_G1,A,A|MM|S1311B|W0|S1|G1|_Z|_Z|_Z|XDC|_T|_X,GR_G14_XDC,MM,S1311B,P1Y,XDC,6,GFSR,,,,,,,,,,,,,,,,,,,,,,,4619643.488,5965672.807,8147552.986,8242247.407,8946386.082,9673369.134
W0_S1_G1,A,A|BG|S1311B|W0|S1|G1|_Z|_Z|_Z|XDC|_T|_X,GR_G14_XDC,BG,S1311B,P1Y,XDC,6,GFSR,13.902,32.252,38.436,56.088,133.455,,,,,,,,,,,,,,,,,,,,,,,
W0_S1_G1,A,A|TR|S1311B|W0|S1|G1|_Z|_Z|_Z|XDC|_T|_X,GR_G14_XDC,TR,S1311B,P1Y,XDC,9,GFSR,0.0538046,0.0958253,0.173347,0.348906,0.736861,1.378485,2.66783,6.237875,12.241031,19.537722,34.6136,51.32468,,,,,189.57845442576,218.85789707178,212.221,218.819,264.299,302.082,341.651,394.105,431.197022875249,491.73495078095,563.563705444511,
W0_S1_G1,A,A|ZA|S1311B|W0|S1|G1|_Z|_Z|_Z|XDC|_T|_X,GR_G14_XDC,ZA,S1311B,P1Y,XDC,9,GFSR,67.302,74.623,79.05,95.577,110.063,128.822,149.264546,166.6925,188.364,210.4441,224.4576,258.401,288.336,307.2295,361.03,428.152,506.627,584.823,639.09,617.211,689.07487940678,764.954,825.82030621973,919.338303096548,1017.65131764715,1115.42887814597,1174.0433453578,
W0_S1_G1,A,A|QA|S1311B|W0|S1|G1|_Z|_Z|_Z|XDC|_T|_X,GR_G14_XDC,QA,S1311B,P1Y,XDC,6,GFSR,,,,,,,,,,,,,,,54346.1,64909.272991,85791.268594,117534.182053,140785.731473,169077.957257,155875.354,,,,,,,
W0_S1_G1,A,A|SB|S1311B|W0|S1|G1|_Z|_Z|_Z|XDC|_T|_X,GR_G14_XDC,SB,S1311B,P1Y,XDC,6,GFSR,,,,,,,,,,,,,,,,,,,,,,2668.48981299,2963.65688305,4258.77591872,4133.97226223,4375.37147153,3952.70182196,
W0_S1_G1,A,A|CZ|S1311B|W0|S1|G1|_Z|_Z|_Z|XDC|_T|_X,GR_G14_XDC,CZ,S1311B,P1Y,XDC,9,GFSR,,,,341.215,370.42,,,,,,,,,,,,,,,,,,,,,,,
W0_S1_G1,A,A|KE|S1311B|W0|S1|G1|_Z|_Z|_Z|XDC|_T|_X,GR_G14_XDC,KE,S1311B,P1Y,XDC,9,GFSR,,47.505,59.641,63.213,72.51,106.051,127.022,148.369,152.3078,183.4574,190.863731,218.443437,234.43632224575,204.004262,270.920197,301.2990967425,317.855102918,359.0271665,442.179789159,484.939121566,538.927602575,641.012990913,764.11269196729,805.571,999.75646363335,1133.18215631128,1262.72031716659,
W0_S1_G1,A,A|ML|S1311B|W0|S1|G1|_Z|_Z|_Z|XDC|_T|_X,GR_G14_XDC,ML,S1311B,P1Y,XDC,9,GFSR,,,,,,,,,,,321.84910435,364.232409,417.23651443192,531.105918783,556.600152957,617.951491998,1789.4891,778.6,752.412,909.533,937.555,1012.11,895.797,1178.6,1031.5,1274.783090983,1491.8,
W0_S1_G1,A,A|IE|S1311B|W0|S1|G1|_Z|_Z|_Z|XDC|_T|_X,GR_G14_XDC,IE,S1311B,P1Y,XDC,6,GFSR,11176.8668958967,12056.2900284929,12881.492805664,13906.7936066148,14967.7169093559,,,,,,,,,,,,,,,,,,,,,,,
W0_S1_G1,A,A|SK|S1311B|W0|S1|G1|_Z|_Z|_Z|XDC|_T|_X,GR_G14_XDC,SK,S1311B,P1Y,XDC,6,GFSR,,,,,,,,,,,,,,,,,,,,,,,,,,,,
W0_S1_G1,A,A|LA|S1311B|W0|S1|G1|_Z|_Z|_Z|XDC|_T|_X,GR_G14_XDC,LA,S1311B,P1Y,XDC,9,GFSR,,,,,,,,,,,,,,,,,1E-08,1E-08,7708.31,8173.6,12100.4,13890.07,16992.4,19586.99,22356.08,23857.87,20920.1538625199,
W0_S1_G1,A,A|MV|S1311B|W0|S1|G1|_Z|_Z|_Z|XDC|_T|_X,GR_G14_XDC,MV,S1311B,P1Y,XDC,6,GFSR,539.8,793.9,834.3,917.4,1142.3,1405,1564.5,1820.2,1928.1,2221.3,2368.5,2506,2710.4,3060.4,3404,4577.9,6104.7,7534.7,7414.2,5720.9,6497.6,9370.14305,,,14750.705975,,,
W0_S1_G1,A,A|BH|S1311B|W0|S1|G1|_Z|_Z|_Z|XDC|_T|_X,GR_G14_XDC,BH,S1311B,P1Y,XDC,6,GFSR,457.3,466.5,464.8,516.3,467.2,499.9,569.6,647,481.7,613.2,1003.3,929.9,972.9,1089.8,1284.1,1671.4,1839.54,2036.699090323,2677.65,1707.98,2175.62,2819.139919,,2941.5,,,,
W0_S1_G1,A,A|CN|S1311B|W0|S1|G1|_Z|_Z|_Z|XDC|_T|_X,GR_G14_XDC,CN,S1311B,P1Y,XDC,9,GFSR,165.41,162.77,167.52,163.94,354.76,391.56,433.37,492.65,556.3800000001,649.86,763.69,921.2,1107.220681516,1251.61,1574.51685,1833.84789,2253.88,4553.10966,3652.698,4065.3160367,4628.5443079872,5483.826,,6496.64539,6938.487,7440.37669,,
W0_S1_G1,A,A|MS|S1311B|W0|S1|G1|_Z|_Z|_Z|XDC|_T|_X,GR_G14_XDC,MS,S1311B,P1Y,XDC,3,GFSR,,,,,,,,,,,73090,79110,108991.63,129467.929,124747.37,85996.902,98123.219,111738.11,118796,140272.275,121276.849,134160.541,139518.029,153919.059,150258.408,,,
W0_S1_G1,A,A|NL|S1311B|W0|S1|G1|_Z|_Z|_Z|XDC|_T|_X,GR_G14_XDC,NL,S1311B,P1Y,XDC,6,GFSR,69809.548443307,76988.351461853,77709.8620054363,81471.6999968235,76579.9492673718,,,,,,,,,,,,,,,,,,,,,,,
W0_S1_G1,A,A|IT|S1311B|W0|S1|G1|_Z|_Z|_Z|XDC|_T|_X,GR_G14_XDC,IT,S1311B,P1Y,XDC,9,GFSR,,,,,,,,,,,,,,,,,,,,,,,,,,,,
W0_S1_G1,A,A|FR|S1311B|W0|S1|G1|_Z|_Z|_Z|XDC|_T|_X,GR_G14_XDC,FR,S1311B,P1Y,XDC,9,GFSR,210.958950053128,223.246340842464,224.709851407943,224.679361604495,237.393609642095,,,,,,,,,,,,,,,,,,,,,,,
W0_S1_G1,A,A|ZW|S1311B|W0|S1|G1|_Z|_Z|_Z|XDC|_T|_X,GR_G14_XDC,ZW,S1311B,P1Y,XDC,6,GFSR,,,,,,,,,,,,,,,,,,,,944.42677269,2336.96046611,2915.26211826,3490.581979,,,,,
W0_S1_G1,A,A|LS|S1311B|W0|S1|G1|_Z|_Z|_Z|XDC|_T|_X,GR_G14_XDC,LS,S1311B,P1Y,XDC,6,GFSR,,,,,,,,,,,,,,3603.98767931,4442.4192002881,4662.43645254,6479.5,7176.04007654,8878.6,10667.15272372,9113.60214071463,9627.18485859473,13144.9069222566,13274.4870096553,14582.5441089417,15299.8690420373,14051.2193557581,15360.1244643453
W0_S1_G1,A,A|TL|S1311B|W0|S1|G1|_Z|_Z|_Z|XDC|_T|_X,GR_G14_XDC,TL,S1311B,P1Y,XDC,6,GFSR,,,,,,,,,,,,,,,,,,,,,,,,,859.237897,1452.17644,1454.69018619,
W0_S1_G1,A,A|MT|S1311B|W0|S1|G1|_Z|_Z|_Z|XDC|_T|_X,GR_G14_XDC,MT,S1311B,P1Y,XDC,6,GFSR,668.134171907757,740.27486606103,717.190775681342,779.33845795481,832.401583973911,,,,,,,,,,,,,,,,,,,,,,,
W0_S1_G1,A,A|GR|S1311B|W0|S1|G1|_Z|_Z|_Z|XDC|_T|_X,GR_G14_XDC,GR,S1311B,P1Y,XDC,6,GFSR,7697.72560528247,9884.07923697726,12005.8694057227,13484.9596478357,16228.9068231842,21756,24429,28216,31630,35386,39470,38899,40736,42932,45740,50012,54108,59097,61304,58173,60322,60539,60095,61671,57203,69842,59655,
W0_S1_G1,A,A|IS|S1311B|W0|S1|G1|_Z|_Z|_Z|XDC|_T|_X,GR_G14_XDC,IS,S1311B,P1Y,XDC,9,GFSR,103.6074,108.2258,111.3254,111.6269,118.2895,124.0176,136.8231,139.6339,185.279771,213.851889,227.5632,241.115890303,252.774772666,268.032084216,306.851328582,363.568312279,412.839061922,454.587875023,476.90283461424,447.447605568,470.80202335484,495.801540829,543.632270746,588.285,686.12753261451,692.37745409549,1148.95822936637,
W0_S1_G1,A,A|LC|S1311B|W0|S1|G1|_Z|_Z|_Z|XDC|_T|_X,GR_G14_XDC,LC,S1311B,P1Y,XDC,6,GFSR,,,,,,,,,,,495.805526,459.829403,477.467,509.61,543.936804,581.069879,651.035411,712.668998,801.940831,796.763644,840.272918,851.256421,833.468976,882.740989,960.859494,,,
W0_S1_G1,A,A|KG|S1311B|W0|S1|G1|_Z|_Z|_Z|XDC|_T|_X,GR_G14_XDC,KG,S1311B,P1Y,XDC,6,GFSR,,,,829.2,1871.6,2745.5,3673.6,4902.2,6197.8,8004.06,9864.7,12482.1,,,,,19083.924,32670.0733,41297.64,48006.302,49823.257,69021.532,77498.579,89267.557,105261.272,113890.1,115771.5,
W0_S1_G1,A,A|MD|S1311B|W0|S1|G1|_Z|_Z|_Z|XDC|_T|_X,GR_G14_XDC,MD,S1311B,P1Y,XDC,6,GFSR,,,,,,1274.63,1141.2,1896,1972.4,2280.8,3048.1,2883.5,3371.2,4564.9,5625.2,7941,9823.2,14058.6,15977.5,13833,17167.7,18639,20090.6,22436.7,27717.7,28054.6,28879.6,
W0_S1_G1,A,A|KI|S1311B|W0|S1|G1|_Z|_Z|_Z|XDC|_T|_X,GR_G14_XDC,KI,S1311B,P1Y,XDC,3,GFSR,,,,,,,,,,,,,,,,,,,,,,82895.34947,110349.570327,130165.67302,187823.40311,253313.73245,209258.24466,
W0_S1_G1,A,A|BI|S1311B|W0|S1|G1|_Z|_Z|_Z|XDC|_T|_X,GR_G14_XDC,BI,S1311B,P1Y,XDC,9,GFSR,,44.516,40.702,51.942,48.623,47.597,42.459,41.498,59.08699,63.53605,,,,,,,,,,,1139.35,1074.78,932.804,1006.28,,,,
W0_S1_G1,A,A|HU|S1311B|W0|S1|G1|_Z|_Z|_Z|XDC|_T|_X,GR_G14_XDC,HU,S1311B,P1Y,XDC,9,GFSR,724.9,779.1,853.2,1079.9,1317.2,,,,,,,,,,,,,,,,,,,,,,,
W0_S1_G1,A,A|AU|S1311B|W0|S1|G1|_Z|_Z|_Z|XDC|_T|_X,GR_G14_XDC,AU,S1311B,P1Y,XDC,9,GFSR,,,,,,,,,,,,191.6,196.7,213.8,229.7,250.3,269.7,287.8,314.1,309.4,304.5,322.8,352.2,376.4,389.4,397.855,412.912,
W0_S1_G1,A,A|UZ|S1311B|W0|S1|G1|_Z|_Z|_Z|XDC|_T|_X,GR_G14_XDC,UZ,S1311B,P1Y,XDC,9,GFSR,,,,,,,,,,,,,,,,,,,,,,9751.8573,12610.21211441,15596.7,19252.46778234,21975.77008216,24639.27142104,
W0_S1_G1,A,A|CY|S1311B|W0|S1|G1|_Z|_Z|_Z|XDC|_T|_X,GR_G14_XDC,CY,S1311B,P1Y,XDC,6,GFSR,786.691361652833,788.72459736807,974.859638391591,1106.23400321901,1315.21304551373,,,,,,,,,,,,,,,,,,,,,,,
W0_S1_G1,A,A|DO|S1311B|W0|S1|G1|_Z|_Z|_Z|XDC|_T|_X,GR_G14_XDC,DO,S1311B,P1Y,XDC,9,GFSR,6.863,10.1925,17.5822,19.9629,21.3162,24.8742,26.3903,34.7079,38.8123,43.6813,51.5897,60.415927444,66.7793688947933,80.5721161399957,129.62401054054,160.874421139146,192.556972006413,241.877767610092,249.823934800526,229.716106296937,259.571321418263,285.784110661938,323.465,372.48856336925,419.49072625388,538.0047488555,487.92115639827,
W0_S1_G1,A,A|MK|S1311B|W0|S1|G1|_Z|_Z|_Z|XDC|_T|_X,GR_G14_XDC,MK,S1311B,P1Y,XDC,6,GFSR,,,,,,,,,,,,,,,,61518.93928325,62529.876232,75647.740158,,,,,,94902.317791,98632.526819,109873.388754,114563.89812,
W0_S1_G1,A,A|IN|S1311B|W0|S1|G1|_Z|_Z|_Z|XDC|_T|_X,GR_G14_XDC,IN,S1311B,P1Y,XDC,9,GFSR,721.73,862.79,984.92,1015.18,1232.4,1477.86,1718.91,1858.37,1957.69,2337.99,2512.54,2573.56,2908.65,3331.61,3875.64,4510.49,5691.1,7100.69,7063.85,7302.03,10091.7,10072.9,12558.2,14178.9,,,,
W0_S1_G1,A,A|TH|S1311B|W0|S1|G1|_Z|_Z|_Z|XDC|_T|_X,GR_G14_XDC,TH,S1311B,P1Y,XDC,9,GFSR,401.209,467.514,490.434,561.854,656.971,765.528,854.235,849.208,732.351,712.96,747.873,834.14077,871.69972024623,1045.58040052418,1168.65540295033,1376.43032536785,1426.03131,1488.57642222325,1653.4,1502.02693,1803.98547,2020.46016293671,2118.25040263412,2357.12488600849,2314.17280090582,2483.06291296417,2582.75477422071,
W0_S1_G1,A,A|UA|S1311B|W0|S1|G1|_Z|_Z|_Z|XDC|_T|_X,GR_G14_XDC,UA,S1311B,P1Y,XDC,6,GFSR,,,,,,,,,,18860.9,34112.4,37174.6,44983.0791,54269.74529123,69487.11515566,104605.1,132967.1,164169.3,229596.625,208640.1,240028.3,314099.22,344823,338971,356196.1,525752.9,616091.7,
W0_S1_G1,A,A|BJ|S1311B|W0|S1|G1|_Z|_Z|_Z|XDC|_T|_X,GR_G14_XDC,BJ,S1311B,P1Y,XDC,9,GFSR,,,,,,,,,,,,326.68428417928,336.225927108,384.596532819,424.34895704,422.633258515,459.869196852,623.746027128,609.086538723,631.956317079,648.375468464,676.74722444779,701.455220875457,803,,,,
W0_S1_G1,A,A|NP|S1311B|W0|S1|G1|_Z|_Z|_Z|XDC|_T|_X,GR_G14_XDC,NP,S1311B,P1Y,XDC,6,GFSR,10562.4,12575,14641,18096,21223,27043,31426,35281,36774,39050,46015,52899,54941,65017.9,71064,82456.2,84100.15,102187.9,120649.8,166024.3,216249.685,252910.309,285065,330916,404631.368,450013.6554597,524038.56580066,
W0_S1_G1,A,,,NE,S1311B,P1Y,XDC,6,GFSR,,,,,,,,,,,,,,,,,,,,,,,,,,,,
W0_S1_G1,A,A|SG|S1311B|W0|S1|G1|_Z|_Z|_Z|XDC|_T|_X,GR_G14_XDC,SG,S1311B,P1Y,XDC,6,GFSR,17515,19525,22170,27581,28650,31022,37148,38986,37676,39369,41564,38206,34225,32054,35608,37598,41577,51007,54560,46741,53450.7,58454.2,62931.7,64750.3,69972.8,74243.6,78511.13783793,
W0_S1_G1,A,A|TZ|S1311B|W0|S1|G1|_Z|_Z|_Z|XDC|_T|_X,GR_G14_XDC,TZ,S1311B,P1Y,XDC,9,GFSR,,,,,,,,,,,,,,,,,,,,7038.474358,7038.474358,7893.2712335,9120.873109,11424.725625,11581.93591719,13417.507657,13920.66089,
W0_S1_G1,A,A|AG|S1311B|W0|S1|G1|_Z|_Z|_Z|XDC|_T|_X,GR_G14_XDC,AG,S1311B,P1Y,XDC,6,GFSR,,,,,,,,,,,397.17,367.52,421.39,434.028465,478.60114,515.109479,677.930795,744.662146,766.013143,595.850928,684.496393,619.181296,646.642437,597.818922,678.828919,,,
W0_S1_G1,A,A|SI|S1311B|W0|S1|G1|_Z|_Z|_Z|XDC|_T|_X,GR_G14_XDC,SI,S1311B,P1Y,XDC,6,GFSR,,,901.769320647638,1326.99048572859,1749.29060257052,,,,,,,,,,,,,,,,,,,,,,,
W0_S1_G1,A,A|OM|S1311B|W0|S1|G1|_Z|_Z|_Z|XDC|_T|_X,GR_G14_XDC,OM,S1311B,P1Y,XDC,6,GFSR,1580.4,1277.2,1331.3,1369.5,1409.9,1489.4,1601.8,1877.201,1423.4,1400.1,2252.8,2517.3,2954.3,3284.3,4014.5,4443.8,4912.8,5838.6,7583.4,6807,9051.1,12536.1,14766.1,14994.5,,,,
W0_S1_G1,A,A|AT|S1311B|W0|S1|G1|_Z|_Z|_Z|XDC|_T|_X,GR_G14_XDC,AT,S1311B,P1Y,XDC,6,GFSR,29783.5076270139,32279.8194806799,35731.0523753116,36965.7638278235,38712.0920328772,,,,,,,,,,,,,,,,,,,,,,,
W0_S1_G1,A,A|UG|S1311B|W0|S1|G1|_Z|_Z|_Z|XDC|_T|_X,GR_G14_XDC,UG,S1311B,P1Y,XDC,9,GFSR,,,,,,,,,1202.9,1357.59477001,1596.30308824288,2531.93688168716,2539.88489078,2695.05681984833,2816.68031935834,3091.38363189426,3208.608956392,3455.58705227829,3985.31005344372,4671.41997240148,5412.83879527312,7292.47322916748,7763.43900971254,8276.52,8870.41290974715,11044.791224543,12647.1781498708,
W0_S1_G1,A,A|MN|S1311B|W0|S1|G1|_Z|_Z|_Z|XDC|_T|_X,GR_G14_XDC,MN,S1311B,P1Y,XDC,9,GFSR,,,8.378,44.31,56.008,88.825,95.995,130.374,135.211,163.873,244.512,295.491,318.124057302174,478.43300344,,,1535.05365,1781.59493192525,1442.69253287035,1431.87542950126,2446.03,3110.36914575732,3386.51544914406,4010.4,4204.3605060931,3815.93663972654,3894.1895,
W0_S1_G1,A,A|SE|S1311B|W0|S1|G1|_Z|_Z|_Z|XDC|_T|_X,GR_G14_XDC,SE,S1311B,P1Y,XDC,9,GFSR,474.15,481.76,474.39,403.99,414.71,,,,,,,,,,,,,,,,,,,,,,,
W0_S1_G1,A,A|VC|S1311B|W0|S1|G1|_Z|_Z|_Z|XDC|_T|_X,GR_G14_XDC,VC,S1311B,P1Y,XDC,6,GFSR,169.4,202,190.1,185.6,193.6,203.3,220.6,251.2,286.7,283.8,270.2,290.407,312.415,322.723,343.605,349.648,398.023245,463.563266,534.70397,543.420166,497.95928,498.689742,499.218367,488.600074,551.195952,,,
W0_S1_G1,A,A|MH|S1311B|W0|S1|G1|_Z|_Z|_Z|XDC|_T|_X,GR_G14_XDC,MH,S1311B,P1Y,XDC,3,GFSR,,,,,,,,,,,,,,,,,,,99647.745,97651.175,101037.653,100020.471,94781.759,102919.057,97475.678,108560.078,122364.995,
W0_S1_G1,A,A|HK|S1311B|W0|S1|G1|_Z|_Z|_Z|XDC|_T|_X,GR_G14_XDC,HK,S1311B,P1Y,XDC,9,GFSR,,,,,,,,,,,,,,,,,,,,,,,,,,,,
W0_S1_G1,A,A|GQ|S1311B|W0|S1|G1|_Z|_Z|_Z|XDC|_T|_X,GR_G14_XDC,GQ,S1311B,P1Y,XDC,9,GFSR,,,,,,,,,,,,,,,,,2103.73,2308.526,3051.787,2368.09,2150.9313,2849.02752540925,3194.70944035564,2711.32715445655,2601.40470767508,2081.93925670068,,
W0_S1_G1,A,A|FJ|S1311B|W0|S1|G1|_Z|_Z|_Z|XDC|_T|_X,GR_G14_XDC,FJ,S1311B,P1Y,XDC,6,GFSR,539.06,510.26,585.15,644.45,693.12,709.87,737.23,,,,,,,,1176.021,1223.24,1373.1192895,,,,1464.22189,1732.398076,1819.252457,2012.700536,2378.54511846,2692.84648054,,
W0_S1_G1,A,A|MZ|S1311B|W0|S1|G1|_Z|_Z|_Z|XDC|_T|_X,GR_G14_XDC,MZ,S1311B,P1Y,XDC,6,GFSR,,,,,,,,,,,,,,,,,,,,,89015.61171122,106839.271713767,124454.432104252,154285,177555.463,174570.419,180435.1,
W0_S1_G1,A,A|MO|S1311B|W0|S1|G1|_Z|_Z|_Z|XDC|_T|_X,GR_G14_XDC,MO,S1311B,P1Y,XDC,6,GFSR,,,,,,,8534.67,10066.29,8869.75,9450.231323,8505.074583,9810.398888,11049.033411,14062.853854,19303.200375,22723,26979,40649.5781283,50786.60525075,54212.91491,78320.01928,112621.093881,129384.245891,150749,155488.826462,108857.001421,101565.842508,
W0_S1_G1,A,A|LB|S1311B|W0|S1|G1|_Z|_Z|_Z|XDC|_T|_X,GR_G14_XDC,LB,S1311B,P1Y,XDC,9,GFSR,,,,,,,,3825.205,4449.383,4880.23,4171.6,4259.8,5385.4,6180.7,7000.3,6852.222,7779.241,8389.577,9887.268,11876.95157591,11668.8,13163.5,13235.3,13085.9,14467.044,13329.847,14134.493,
W0_S1_G1,A,A|FI|S1311B|W0|S1|G1|_Z|_Z|_Z|XDC|_T|_X,GR_G14_XDC,FI,S1311B,P1Y,XDC,6,GFSR,22572.8379862523,21875.19446729,20875.4854324027,20165.5641948087,20796.1007311129,,,,,,,,,,,,,,,,,,,,,,,
W0_S1_G1,A,A|GM|S1311B|W0|S1|G1|_Z|_Z|_Z|XDC|_T|_X,GR_G14_XDC,GM,S1311B,P1Y,XDC,6,GFSR,551.84,,,,,,,,,,,,,,,,,,,,,,,,,,,
W0_S1_G1,A,A|NZ|S1311B|W0|S1|G1|_Z|_Z|_Z|XDC|_T|_X,GR_G14_XDC,NZ,S1311B,P1Y,XDC,6,GFSR,30750,27194,26032,26582,30092,32617,33826,33109,33725,33134,34207,37848.2,39950.855,43716.729,46721.862,51488.896,,,,,,,,,,,,
W0_S1_G1,A,A|VN|S1311B|W0|S1|G1|_Z|_Z|_Z|XDC|_T|_X,GR_G14_XDC,VN,S1311B,P1Y,XDC,9,GFSR,,,,,42105,53147,62015,64519,72143,77718,89911,102929,120596,143009,175389,212829.32,262063,296745.9,397663,415197.9,536866,667579,687980,781954,,,,
W0_S1_G1,A,A|LK|S1311B|W0|S1|G1|_Z|_Z|_Z|XDC|_T|_X,GR_G14_XDC,LK,S1311B,P1Y,XDC,9,GFSR,74.332,84.297,94.05,106.448,118.295,145.189,153.984,172.108,182.165,202.656,216.389,239.689,266.998,284.216,320.047,412.307,506.888,595.014,686.481,725.566,834.18799756373,949.917,1066.7,1153.31,1187.01609251758,1460.79435737289,1693.15117513254,
W0_S1_G1,A,A|ID|S1311B|W0|S1|G1|_Z|_Z|_Z|XDC|_T|_X,GR_G14_XDC,ID,S1311B,P1Y,XDC,12,GFSR,,41.585,47.492,52.28,65.03,70.992,82.478,109.8737,152.8137,183.765,,300.61606,298.518109,341.376994750449,400.589562,485.600629837047,626.205570266498,697.936665217978,,,,,,,,,,
W0_S1_G1,A,,,TJ,S1311B,P1Y,XDC,3,GFSR,,,,,,,,,,,,,,,,,,,,,,,,,,,,
W0_S1_G1,A,,,EC,S1311B,P1Y,XDC,6,GFSR,,,,,,,,,,,,,,,,,,,,,,,,,,,,
W0_S1_G1,A,A|PK|S1311B|W0|S1|G1|_Z|_Z|_Z|XDC|_T|_X,GR_G14_XDC,PK,S1311B,P1Y,XDC,9,GFSR,170.984,181.186,224.097,242.812,278.903,326.836,375.314,384.263,433.636,464.372,569.291,581.87,710.205,759.026,795.466,863.442,1280.886,1280.886,1408.39,1803.228,2179.712,2270.993,2582.39,3345.93,3635.93,,,
W0_S1_G1,A,A|EE|S1311B|W0|S1|G1|_Z|_Z|_Z|XDC|_T|_X,GR_G14_XDC,EE,S1311B,P1Y,XDC,6,GFSR,,20.560377334373,130.820753390513,258.06245446295,440.415170068897,,,,,,,,,,,,,,,,,,,,,,,
W0_S1_G1,A,A|LT|S1311B|W0|S1|G1|_Z|_Z|_Z|XDC|_T|_X,GR_G14_XDC,LT,S1311B,P1Y,XDC,6,GFSR,,95.727,,1885.8,2642,,,,,,,,,,,,,,,,6046.09310101946,6386.53689620018,6838.06955699722,6986.08731603336,7259.124028962,7707.582,7849.332,
W0_S1_G1,A,A|SZ|S1311B|W0|S1|G1|_Z|_Z|_Z|XDC|_T|_X,GR_G14_XDC,SZ,S1311B,P1Y,XDC,6,GFSR,,,,,,,,,,2663,2396.170688,2594.94407143,2797.12587601,3243.3846531,4198.26650047,4672.45624123,7182.71872411,7148.5573193,8566.86880376,8142.34775013,5572.24206,6010.43590413,11584.355305,,,,,
W0_S1_G1,A,A|SM|S1311B|W0|S1|G1|_Z|_Z|_Z|XDC|_T|_X,GR_G14_XDC,SM,S1311B,P1Y,XDC,6,GFSR,,,,,,326500,,,,,,,274.679399,282.3797674,327.14301256,326.65887224,351.84067801,350.72742252,361.22442606,323.20813118,293.7070201,282.06831665,297.465818,275.1352627,,288.68660665,292.55229397,
W0_S1_G1,A,A|IQ|S1311B|W0|S1|G1|_Z|_Z|_Z|XDC|_T|_X,GR_G14_XDC,IQ,S1311B,P1Y,XDC,9,GFSR,,,,,,,,,,,,,,,,,,,,,,,,,104321,59568.1801493287,54323.0093710027,
W0_S1_G1,A,A|GD|S1311B|W0|S1|G1|_Z|_Z|_Z|XDC|_T|_X,GR_G14_XDC,GD,S1311B,P1Y,XDC,6,GFSR,,,,,,,,,,286.9,335.26,328.01,316.06,382.8,391.5681,520.256439,490.700041,448.286409,516.059026,430.95705,465.551579,485.783732,446.81306,468.485734,602.780793,,,
W0_S1_G1,A,A|PW|S1311B|W0|S1|G1|_Z|_Z|_Z|XDC|_T|_X,GR_G14_XDC,PW,S1311B,P1Y,XDC,3,GFSR,,,,,,,,,,,,,,,,,,,86285.8750723801,77717.8923917139,87218.4527942704,89001.120164417,96845.9844750896,93868.093,108560.628,116821.628,124799.818,
W0_S1_G1,A,A|TT|S1311B|W0|S1|G1|_Z|_Z|_Z|XDC|_T|_X,GR_G14_XDC,TT,S1311B,P1Y,XDC,6,GFSR,,,,,,,,,,,,,,,,,,,,,,,,,,,,
W0_S1_G1,A,,,PA,S1311B,P1Y,XDC,6,GFSR,,,,,,,,,,,,,,,,,,,,,,,,,,,,
W0_S1_G1,A,,,CM,S1311B,P1Y,XDC,9,GFSR,,,,,,,,,,,,,,,,,,,,,,,,,,,,
W0_S1_G1,A,A|BA|S1311B|W0|S1|G1|_Z|_Z|_Z|XDC|_T|_X,GR_G14_XDC,BA,S1311B,P1Y,XDC,6,GFSR,,,,,,,,,,,,,,3519.07794461,3654.70271678,4058.07812732,4936.76803696,5578.8380109,5893.90954719,5508.9533887,5740.34677487,5914.895209,6014.098955,5928.64126,6468.8671853,6358.60334238,7319.16161706174,
W0_S1_G1,A,A|WS|S1311B|W0|S1|G1|_Z|_Z|_Z|XDC|_T|_X,GR_G14_XDC,WS,S1311B,P1Y,XDC,3,GFSR,,,,,,,,,,,,,,,,,,,,,412649.1286,504654.9799,466124.6423,491546.7455,555388.05191,534355.32098,595587.07175,
W0_S1_G1,A,A|DZ|S1311B|W0|S1|G1|_Z|_Z|_Z|XDC|_T|_X,GR_G14_XDC,DZ,S1311B,P1Y,XDC,9,GFSR,,,,,434.199,600.847,825.157,926.668,774.511,950.496,1578.161,1505.5,1603.2,2000.712,2252.51,3112.725,3651.33,3715.73,5211.49,3740.5084462591,4443.33,5897.48,,,,,,
W0_S1_G1,A,A|KZ|S1311B|W0|S1|G1|_Z|_Z|_Z|XDC|_T|_X,GR_G14_XDC,KZ,S1311B,P1Y,XDC,9,GFSR,,,,,,,,107.816,129.315,212.418,,,,,,1713.7239280402,1838.9260907,2213.3085584,3298.4247947,3963.4165,4780.5039002965,6732.4698274505,6918.3535965791,7326.8521663929,7631.7189025411,5512.14931754816,6307.3075008093,
W0_S1_G1,A,A|MX|S1311B|W0|S1|G1|_Z|_Z|_Z|XDC|_T|_X,GR_G14_XDC,MX,S1311B,P1Y,XDC,6,GFSR,97265,119498,146339,153759,172600,234363,326428,399597.1,428416,544992,703019,,,,,,,,2212363.5549993,1823651.67745267,2063599.35273662,2383529.73063032,2541007.03335068,2619025.82066157,2738488.64968397,3027827.0626999,3444159.12083015,
W0_S1_G1,A,A|AI|S1311B|W0|S1|G1|_Z|_Z|_Z|XDC|_T|_X,GR_G14_XDC,AI,S1311B,P1Y,XDC,3,GFSR,,,,,,,,,,,81404.482,78840,85990,88090.177,118952.322,131243.154,196120.5881,210369.412,213569.05109,148332.444,189763.034,205039.799,191525.051,189133.837,202856.544,,,
W0_S1_G1,A,A|CA|S1311B|W0|S1|G1|_Z|_Z|_Z|XDC|_T|_X,GR_G14_XDC,CA,S1311B,P1Y,XDC,9,GFSR,,,,,,,,,,,,,,,,,,,,,,,,,,,,
W0_S1_G1,A,A|DK|S1311B|W0|S1|G1|_Z|_Z|_Z|XDC|_T|_X,GR_G14_XDC,DK,S1311B,P1Y,XDC,9,GFSR,295.719,300.702,321.271,340.48,366.738,,,,,,,,,,,,,,,,,,,,,,,
W0_S1_G1,A,A|XK|S1311B|W0|S1|G1|_Z|_Z|_Z|XDC|_T|_X,GR_G14_XDC,XK,S1311B,P1Y,XDC,6,GFSR,,,,,,,,,,,,,,,,,,,,,,,,,,,,
W0_S1_G1,A,A|TO|S1311B|W0|S1|G1|_Z|_Z|_Z|XDC|_T|_X,GR_G14_XDC,TO,S1311B,P1Y,XDC,6,GFSR,,,,,,,,,,,,,,,,,,,,,,,,258.85142482,302.98211003,295.00202108,363.82562371,
W0_S1_G1,A,A|SA|S1311B|W0|S1|G1|_Z|_Z|_Z|XDC|_T|_X,GR_G14_XDC,SA,S1311B,P1Y,XDC,9,GFSR,,,,,,,,,,,,,,,,,,,,,740.873,1117.53,1246.537,1152.609,1040.141,612.694,519.44897038798,
